<?xml version="1.1" encoding="UTF-8"?>
<pipeline>
   <elements>
      <add>
         <element>
            <id>combinedParser</id>
            <type>CombinedParser</type>
         </element>
         <element>
            <id>referenceDataFilter</id>
            <type>ReferenceDataFilter</type>
         </element>
      </add>
   </elements>
   <links>
      <add>
         <link>
            <from>combinedParser</from>
            <to>referenceDataFilter</to>
         </link>
      </add>
   </links>
</pipeline>
