<?xml version="1.1" encoding="UTF-8"?>
<pipeline>
   <elements>
      <add>
         <element>
            <id>combinedParser</id>
            <type>CombinedParser</type>
         </element>
         <element>
            <id>splitFilter</id>
            <type>SplitFilter</type>
         </element>
         <element>
            <id>idEnrichmentFilter</id>
            <type>IdEnrichmentFilter</type>
         </element>
         <element>
            <id>xsltFilter</id>
            <type>XSLTFilter</type>
         </element>
         <element>
            <id>searchResultOutputFilter</id>
            <type>SearchResultOutputFilter</type>
         </element>
      </add>
   </elements>
   <properties>
      <add>
         <property>
            <element>splitFilter</element>
            <name>splitDepth</name>
            <value>
               <integer>1</integer>
            </value>
         </property>
         <property>
            <element>splitFilter</element>
            <name>splitCount</name>
            <value>
               <integer>100</integer>
            </value>
         </property>
      </add>
   </properties>
   <links>
      <add>
         <link>
            <from>combinedParser</from>
            <to>splitFilter</to>
         </link>
         <link>
            <from>splitFilter</from>
            <to>idEnrichmentFilter</to>
         </link>
         <link>
            <from>idEnrichmentFilter</from>
            <to>xsltFilter</to>
         </link>
         <link>
            <from>xsltFilter</from>
            <to>searchResultOutputFilter</to>
         </link>
      </add>
   </links>
</pipeline>
