<?xml version="1.1" encoding="UTF-8"?>
<pipeline>
   <elements>
      <add>
         <element>
            <id>hdfsFileAppender</id>
            <type>HDFSFileAppender</type>
         </element>
         <element>
            <id>streamAppender</id>
            <type>StreamAppender</type>
         </element>
      </add>
   </elements>
   <properties>
      <add>
         <property>
            <element>hdfsFileAppender</element>
            <name>fileSystemUri</name>
            <value>
               <string>hdfs://some.host.name.uk:nameNodePort</string>
            </value>
         </property>
         <property>
            <element>hdfsFileAppender</element>
            <name>runAsUser</name>
            <value>
               <string>hdfs</string>
            </value>
         </property>
         <property>
            <element>hdfsFileAppender</element>
            <name>outputPaths</name>
            <value>
               <string>/stroom/${year}-${month}-${day}T${hour}:${minute}:${second}.${millis}Z${uuid}.txt</string>
            </value>
         </property>
         <property>
            <element>streamAppender</element>
            <name>feed</name>
            <value>
               <entity>
                  <type>Feed</type>
                  <uuid>72171ccc-b8b4-4a1d-91fb-974bd2bac1c2</uuid>
                  <name>HDFS_OUTPUT</name>
               </entity>
            </value>
         </property>
         <property>
            <element>streamAppender</element>
            <name>streamType</name>
            <value>
               <string>Events</string>
            </value>
         </property>
      </add>
   </properties>
</pipeline>
