<?xml version="1.1" encoding="UTF-8"?>
<dashboard>
   <components>
      <component>
         <type>table</type>
         <id>table-IIO1T</id>
         <name>Table</name>
         <table>
            <queryId>query-JT8D7</queryId>
            <fields>
               <field>
                  <name>Type</name>
                  <expression>${Type}</expression>
                  <format>
                     <type>GENERAL</type>
                  </format>
                  <width>200</width>
                  <visible>true</visible>
               </field>
               <field>
                  <name>Node</name>
                  <expression>${Node}</expression>
                  <format>
                     <type>GENERAL</type>
                  </format>
                  <width>200</width>
                  <visible>true</visible>
               </field>
               <field>
                  <name>Statistic Value</name>
                  <expression>${Statistic Value}</expression>
                  <format>
                     <type>NUMBER</type>
                  </format>
                  <width>200</width>
                  <visible>true</visible>
               </field>
               <field>
                  <name>Date Time</name>
                  <expression>${Date Time}</expression>
                  <format>
                     <type>DATE_TIME</type>
                  </format>
                  <width>200</width>
                  <visible>true</visible>
               </field>
            </fields>
            <maxResults>
               <level>1000000</level>
            </maxResults>
         </table>
      </component>
      <component>
         <type>query</type>
         <id>query-JT8D7</id>
         <name>Query</name>
         <query>
            <dataSource>
               <type>StatisticStore</type>
               <uuid>ac4d8d10-6f75-4946-9708-18b8cb42a5a3</uuid>
               <name>Volumes</name>
            </dataSource>
            <expression>
               <enabled>true</enabled>
               <op>AND</op>
               <children>
                  <term>
                     <enabled>true</enabled>
                     <field>Date Time</field>
                     <condition>BETWEEN</condition>
                     <value>now()-1d,now()</value>
                  </term>
               </children>
            </expression>
            <automate>
               <open>true</open>
               <refresh>true</refresh>
               <refreshInterval>10s</refreshInterval>
            </automate>
         </query>
      </component>
      <component>
         <type>vis</type>
         <id>vis-WDTWU</id>
         <name>Volumes</name>
         <vis>
            <tableId>table-IIO1T</tableId>
            <visualisation>
               <type>Visualisation</type>
               <uuid>567f4ba6-c420-4068-86a6-cc854165926b</uuid>
               <name>LineChart</name>
            </visualisation>
            <json>{"x":"Date Time", "y":"Statistic Value", "lineSeries":"Type", "gridSeries":"Node", "interpolationMode":"basis-open", "sortLineSeries":"Ascending", "maxLineSeries":"100", "sortGridSeries":"Ascending", "maxGridSeries":"20", "synchXAxis":"True", "displayXAxis":"True", "synchYAxis":"True", "displayYAxis":"True", "synchSeries":"True", "stateCounting":"False", "openSessionText":"Increment", "closeSessionText":"Decrement"}</json>
         </vis>
      </component>
      <component>
         <type>query</type>
         <id>query-XOG4Q</id>
         <name>Query</name>
         <query>
            <dataSource>
               <type>StatisticStore</type>
               <uuid>af08c4a7-ee7c-44e4-8f5e-e9c6be280434</uuid>
               <name>CPU</name>
            </dataSource>
            <expression>
               <enabled>true</enabled>
               <op>AND</op>
               <children>
                  <term>
                     <enabled>true</enabled>
                     <field>Date Time</field>
                     <condition>BETWEEN</condition>
                     <value>now()-1d,now()</value>
                  </term>
               </children>
            </expression>
            <automate>
               <open>true</open>
               <refresh>true</refresh>
               <refreshInterval>10s</refreshInterval>
            </automate>
         </query>
      </component>
      <component>
         <type>table</type>
         <id>table-27GY6</id>
         <name>Table</name>
         <table>
            <queryId>query-XOG4Q</queryId>
            <fields>
               <field>
                  <name>Type</name>
                  <expression>${Type}</expression>
                  <format>
                     <type>GENERAL</type>
                  </format>
                  <width>200</width>
                  <visible>true</visible>
               </field>
               <field>
                  <name>Node</name>
                  <expression>${Node}</expression>
                  <format>
                     <type>GENERAL</type>
                  </format>
                  <width>200</width>
                  <visible>true</visible>
               </field>
               <field>
                  <name>Statistic Value</name>
                  <expression>${Statistic Value}</expression>
                  <format>
                     <type>NUMBER</type>
                  </format>
                  <width>200</width>
                  <visible>true</visible>
               </field>
               <field>
                  <name>Date Time</name>
                  <expression>${Date Time}</expression>
                  <format>
                     <type>DATE_TIME</type>
                  </format>
                  <width>200</width>
                  <visible>true</visible>
               </field>
            </fields>
            <maxResults>
               <level>1000000</level>
            </maxResults>
         </table>
      </component>
      <component>
         <type>vis</type>
         <id>vis-QL85W</id>
         <name>CPU</name>
         <vis>
            <tableId>table-27GY6</tableId>
            <visualisation>
               <type>Visualisation</type>
               <uuid>567f4ba6-c420-4068-86a6-cc854165926b</uuid>
               <name>LineChart</name>
            </visualisation>
            <json>{"x":"Date Time", "y":"Statistic Value", "lineSeries":"Type", "gridSeries":"Node", "interpolationMode":"basis-open", "sortLineSeries":"Ascending", "maxLineSeries":"100", "sortGridSeries":"Ascending", "maxGridSeries":"20", "synchXAxis":"True", "displayXAxis":"True", "synchYAxis":"True", "displayYAxis":"True", "synchSeries":"True", "stateCounting":"False", "openSessionText":"Increment", "closeSessionText":"Decrement"}</json>
         </vis>
      </component>
      <component>
         <type>query</type>
         <id>query-HXTW8</id>
         <name>Query</name>
         <query>
            <dataSource>
               <type>StatisticStore</type>
               <uuid>77c09ccb-e251-4ca5-bca0-56a842654397</uuid>
               <name>Memory</name>
            </dataSource>
            <expression>
               <enabled>true</enabled>
               <op>AND</op>
               <children>
                  <term>
                     <enabled>true</enabled>
                     <field>Date Time</field>
                     <condition>BETWEEN</condition>
                     <value>now()-1d,now()</value>
                  </term>
               </children>
            </expression>
            <automate>
               <open>true</open>
               <refresh>true</refresh>
               <refreshInterval>10s</refreshInterval>
            </automate>
         </query>
      </component>
      <component>
         <type>table</type>
         <id>table-9JDRM</id>
         <name>Table</name>
         <table>
            <queryId>query-HXTW8</queryId>
            <fields>
               <field>
                  <name>Type</name>
                  <expression>${Type}</expression>
                  <format>
                     <type>GENERAL</type>
                  </format>
                  <width>200</width>
                  <visible>true</visible>
               </field>
               <field>
                  <name>Node</name>
                  <expression>${Node}</expression>
                  <format>
                     <type>GENERAL</type>
                  </format>
                  <width>200</width>
                  <visible>true</visible>
               </field>
               <field>
                  <name>Statistic Value</name>
                  <expression>${Statistic Value}</expression>
                  <format>
                     <type>NUMBER</type>
                  </format>
                  <width>200</width>
                  <visible>true</visible>
               </field>
               <field>
                  <name>Date Time</name>
                  <expression>${Date Time}</expression>
                  <format>
                     <type>DATE_TIME</type>
                  </format>
                  <width>200</width>
                  <visible>true</visible>
               </field>
            </fields>
            <maxResults>
               <level>1000000</level>
            </maxResults>
         </table>
      </component>
      <component>
         <type>vis</type>
         <id>vis-UNBZ5</id>
         <name>Memory</name>
         <vis>
            <tableId>table-9JDRM</tableId>
            <visualisation>
               <type>Visualisation</type>
               <uuid>567f4ba6-c420-4068-86a6-cc854165926b</uuid>
               <name>LineChart</name>
            </visualisation>
            <json>{"x":"Date Time", "y":"Statistic Value", "lineSeries":"Type", "gridSeries":"Node", "interpolationMode":"basis-open", "sortLineSeries":"Ascending", "maxLineSeries":"100", "sortGridSeries":"Ascending", "maxGridSeries":"20", "synchXAxis":"True", "displayXAxis":"True", "synchYAxis":"True", "displayYAxis":"True", "synchSeries":"True", "stateCounting":"False", "openSessionText":"Increment", "closeSessionText":"Decrement"}</json>
         </vis>
      </component>
      <component>
         <type>query</type>
         <id>query-GXYVJ</id>
         <name>Query</name>
         <query>
            <dataSource>
               <type>StatisticStore</type>
               <uuid>a9936548-2572-448b-9d5b-8543052c4d92</uuid>
               <name>EPS</name>
            </dataSource>
            <expression>
               <enabled>true</enabled>
               <op>AND</op>
               <children>
                  <term>
                     <enabled>true</enabled>
                     <field>Date Time</field>
                     <condition>BETWEEN</condition>
                     <value>now()-1d,now()</value>
                  </term>
               </children>
            </expression>
            <automate>
               <open>true</open>
               <refresh>true</refresh>
               <refreshInterval>10s</refreshInterval>
            </automate>
         </query>
      </component>
      <component>
         <type>table</type>
         <id>table-MUX7H</id>
         <name>Table</name>
         <table>
            <queryId>query-GXYVJ</queryId>
            <fields>
               <field>
                  <name>Type</name>
                  <expression>${Type}</expression>
                  <format>
                     <type>GENERAL</type>
                  </format>
                  <width>200</width>
                  <visible>true</visible>
               </field>
               <field>
                  <name>Node</name>
                  <expression>${Node}</expression>
                  <format>
                     <type>GENERAL</type>
                  </format>
                  <width>200</width>
                  <visible>true</visible>
               </field>
               <field>
                  <name>Statistic Value</name>
                  <expression>${Statistic Value}</expression>
                  <format>
                     <type>NUMBER</type>
                  </format>
                  <width>200</width>
                  <visible>true</visible>
               </field>
               <field>
                  <name>Date Time</name>
                  <expression>${Date Time}</expression>
                  <format>
                     <type>DATE_TIME</type>
                  </format>
                  <width>200</width>
                  <visible>true</visible>
               </field>
            </fields>
            <maxResults>
               <level>1000000</level>
            </maxResults>
         </table>
      </component>
      <component>
         <type>vis</type>
         <id>vis-QPS6W</id>
         <name>EPS</name>
         <vis>
            <tableId>table-MUX7H</tableId>
            <visualisation>
               <type>Visualisation</type>
               <uuid>567f4ba6-c420-4068-86a6-cc854165926b</uuid>
               <name>LineChart</name>
            </visualisation>
            <json>{"x":"Date Time", "y":"Statistic Value", "lineSeries":"Type", "gridSeries":"Node", "interpolationMode":"basis-open", "sortLineSeries":"Ascending", "maxLineSeries":"100", "sortGridSeries":"Ascending", "maxGridSeries":"20", "synchXAxis":"True", "displayXAxis":"True", "synchYAxis":"True", "displayYAxis":"True", "synchSeries":"True", "stateCounting":"False", "openSessionText":"Increment", "closeSessionText":"Decrement"}</json>
         </vis>
      </component>
   </components>
   <splitLayout>
      <preferredSize>
         <width>200</width>
         <height>200</height>
      </preferredSize>
      <dimension>1</dimension>
      <children>
         <tabLayout>
            <preferredSize>
               <width>200</width>
               <height>192</height>
            </preferredSize>
            <tabs>
               <tab>
                  <id>vis-WDTWU</id>
               </tab>
               <tab>
                  <id>table-IIO1T</id>
               </tab>
               <tab>
                  <id>query-JT8D7</id>
               </tab>
            </tabs>
            <selected>0</selected>
         </tabLayout>
         <tabLayout>
            <preferredSize>
               <width>200</width>
               <height>183</height>
            </preferredSize>
            <tabs>
               <tab>
                  <id>vis-QL85W</id>
               </tab>
               <tab>
                  <id>table-27GY6</id>
               </tab>
               <tab>
                  <id>query-XOG4Q</id>
               </tab>
            </tabs>
            <selected>0</selected>
         </tabLayout>
         <tabLayout>
            <preferredSize>
               <width>200</width>
               <height>236</height>
            </preferredSize>
            <tabs>
               <tab>
                  <id>vis-UNBZ5</id>
               </tab>
               <tab>
                  <id>table-9JDRM</id>
               </tab>
               <tab>
                  <id>query-HXTW8</id>
               </tab>
            </tabs>
            <selected>0</selected>
         </tabLayout>
         <tabLayout>
            <preferredSize>
               <width>200</width>
               <height>200</height>
            </preferredSize>
            <tabs>
               <tab>
                  <id>vis-QPS6W</id>
               </tab>
               <tab>
                  <id>table-MUX7H</id>
               </tab>
               <tab>
                  <id>query-GXYVJ</id>
               </tab>
            </tabs>
            <selected>0</selected>
         </tabLayout>
      </children>
   </splitLayout>
   <tabVisibility>SHOW_ALL</tabVisibility>
</dashboard>
