<?xml version="1.1" encoding="UTF-8"?>
<fields>
   <field>
      <analyzerType>KEYWORD</analyzerType>
      <caseSensitive>false</caseSensitive>
      <fieldName>StreamId</fieldName>
      <fieldType>ID</fieldType>
      <indexed>true</indexed>
      <stored>true</stored>
      <termPositions>false</termPositions>
   </field>
   <field>
      <analyzerType>KEYWORD</analyzerType>
      <caseSensitive>false</caseSensitive>
      <fieldName>EventId</fieldName>
      <fieldType>ID</fieldType>
      <indexed>true</indexed>
      <stored>true</stored>
      <termPositions>false</termPositions>
   </field>
   <field>
      <analyzerType>ALPHA_NUMERIC</analyzerType>
      <caseSensitive>false</caseSensitive>
      <fieldName>Feed</fieldName>
      <fieldType>FIELD</fieldType>
      <indexed>true</indexed>
      <stored>false</stored>
      <termPositions>false</termPositions>
   </field>
   <field>
      <analyzerType>KEYWORD</analyzerType>
      <caseSensitive>false</caseSensitive>
      <fieldName>Feed (Keyword)</fieldName>
      <fieldType>FIELD</fieldType>
      <indexed>true</indexed>
      <stored>false</stored>
      <termPositions>false</termPositions>
   </field>
   <field>
      <analyzerType>ALPHA_NUMERIC</analyzerType>
      <caseSensitive>false</caseSensitive>
      <fieldName>Action</fieldName>
      <fieldType>FIELD</fieldType>
      <indexed>true</indexed>
      <stored>false</stored>
      <termPositions>false</termPositions>
   </field>
   <field>
      <analyzerType>KEYWORD</analyzerType>
      <caseSensitive>false</caseSensitive>
      <fieldName>EventTime</fieldName>
      <fieldType>DATE_FIELD</fieldType>
      <indexed>true</indexed>
      <stored>false</stored>
      <termPositions>false</termPositions>
   </field>
   <field>
      <analyzerType>KEYWORD</analyzerType>
      <caseSensitive>false</caseSensitive>
      <fieldName>UserId</fieldName>
      <fieldType>FIELD</fieldType>
      <indexed>true</indexed>
      <stored>false</stored>
      <termPositions>false</termPositions>
   </field>
   <field>
      <analyzerType>ALPHA_NUMERIC</analyzerType>
      <caseSensitive>false</caseSensitive>
      <fieldName>System</fieldName>
      <fieldType>FIELD</fieldType>
      <indexed>true</indexed>
      <stored>false</stored>
      <termPositions>false</termPositions>
   </field>
   <field>
      <analyzerType>ALPHA_NUMERIC</analyzerType>
      <caseSensitive>false</caseSensitive>
      <fieldName>Environment</fieldName>
      <fieldType>FIELD</fieldType>
      <indexed>true</indexed>
      <stored>false</stored>
      <termPositions>false</termPositions>
   </field>
   <field>
      <analyzerType>KEYWORD</analyzerType>
      <caseSensitive>false</caseSensitive>
      <fieldName>IPAddress</fieldName>
      <fieldType>FIELD</fieldType>
      <indexed>true</indexed>
      <stored>false</stored>
      <termPositions>false</termPositions>
   </field>
   <field>
      <analyzerType>KEYWORD</analyzerType>
      <caseSensitive>false</caseSensitive>
      <fieldName>HostName</fieldName>
      <fieldType>FIELD</fieldType>
      <indexed>true</indexed>
      <stored>false</stored>
      <termPositions>false</termPositions>
   </field>
   <field>
      <analyzerType>ALPHA_NUMERIC</analyzerType>
      <caseSensitive>false</caseSensitive>
      <fieldName>Generator</fieldName>
      <fieldType>FIELD</fieldType>
      <indexed>true</indexed>
      <stored>false</stored>
      <termPositions>false</termPositions>
   </field>
   <field>
      <analyzerType>ALPHA_NUMERIC</analyzerType>
      <caseSensitive>false</caseSensitive>
      <fieldName>Command</fieldName>
      <fieldType>FIELD</fieldType>
      <indexed>true</indexed>
      <stored>false</stored>
      <termPositions>false</termPositions>
   </field>
   <field>
      <analyzerType>KEYWORD</analyzerType>
      <caseSensitive>true</caseSensitive>
      <fieldName>Command (Keyword)</fieldName>
      <fieldType>FIELD</fieldType>
      <indexed>true</indexed>
      <stored>false</stored>
      <termPositions>false</termPositions>
   </field>
   <field>
      <analyzerType>ALPHA_NUMERIC</analyzerType>
      <caseSensitive>false</caseSensitive>
      <fieldName>Description</fieldName>
      <fieldType>FIELD</fieldType>
      <indexed>true</indexed>
      <stored>false</stored>
      <termPositions>false</termPositions>
   </field>
   <field>
      <analyzerType>ALPHA_NUMERIC</analyzerType>
      <caseSensitive>true</caseSensitive>
      <fieldName>Description (Case Sensitive)</fieldName>
      <fieldType>FIELD</fieldType>
      <indexed>true</indexed>
      <stored>false</stored>
      <termPositions>false</termPositions>
   </field>
</fields>
