<?xml version="1.1" encoding="UTF-8"?>
<pipeline>
   <properties>
      <add>
         <property>
            <element>xsltFilter</element>
            <name>xslt</name>
            <value>
               <entity>
                  <type>XSLT</type>
                  <uuid>87f17469-6a90-4003-9ca3-cd79e653c215</uuid>
                  <name>Example index</name>
               </entity>
            </value>
         </property>
         <property>
            <element>indexingFilter</element>
            <name>index</name>
            <value>
               <entity>
                  <type>Index</type>
                  <uuid>57a35b9a-083c-4a93-a813-fc3ddfe1ff44</uuid>
                  <name>Example index</name>
               </entity>
            </value>
         </property>
      </add>
   </properties>
</pipeline>
