<?xml version="1.1" encoding="UTF-8"?>
<script>
   <dependenciesXML>&lt;?xml version="1.1" encoding="UTF-8"?&gt;
	&lt;docs&gt;
        &lt;doc&gt;
&lt;type&gt;Script&lt;/type&gt;
&lt;uuid&gt;49a5f46c-f627-49ed-afb9-0066b99e235a&lt;/uuid&gt;
&lt;name&gt;Common&lt;/name&gt;
&lt;/doc&gt;
        &lt;doc&gt;
&lt;type&gt;Script&lt;/type&gt;
&lt;uuid&gt;5d4252d6-6f13-4f24-9481-9e98e038747c&lt;/uuid&gt;
&lt;name&gt;GenericGrid&lt;/name&gt;
&lt;/doc&gt;
	&lt;/docs&gt;
    </dependenciesXML>
   <description>Git commit: a1e3bba4e658189a7de874fd1c6748624084d7e4
Git commit time: 2016-09-21 17:03:32 +0100</description>
   <name>BarChart</name>
   <uuid>dac25a4c-7a4e-4e7e-b861-74e16edd1b60</uuid>
</script>
