<?xml version="1.1" encoding="UTF-8"?>
<visualisation>
   <description>Git commit: a1e3bba4e658189a7de874fd1c6748624084d7e4
Git commit time: 2016-09-21 17:03:32 +0100</description>
   <functionName>visualisations.BarChart</functionName>
   <name>BarChart</name>
   <scriptRefXML>&lt;?xml version="1.1" encoding="UTF-8"?&gt;
           &lt;doc&gt;
&lt;type&gt;Script&lt;/type&gt;
&lt;uuid&gt;dac25a4c-7a4e-4e7e-b861-74e16edd1b60&lt;/uuid&gt;
&lt;name&gt;BarChart&lt;/name&gt;
&lt;/doc&gt;
    </scriptRefXML>
   <uuid>547b440d-4bb1-4d3b-86b7-ff2e41b49311</uuid>
</visualisation>
