{
    "tabs": [
        {
            "name": "Data",
            "controls": [
                {
                    "id": "x",
                    "type": "field",
                    "label": "X Axis"
                },
                {
                    "id": "y",
                    "type": "field",
                    "label": "Y Axis"
                },
                {
                    "id": "series",
                    "type": "field",
                    "label": "Series"
                },
                {
                    "id": "gridSeries",
                    "type": "field",
                    "label": "Grid Series"
                }
            ]
        },
        {
            "name": "Bar",
            "controls": [
                {
                    "id": "sortSeries",
                    "type": "selection",
                    "label": "Sort Series",
                    "values": [
                        "",
                        "Ascending",
                        "Descending"
                    ],
                    "defaultValue": "Ascending"
                },
                {
                    "id": "maxSeries",
                    "type": "number",
                    "label": "Max Series",
                    "defaultValue": "100",
                    "max": "10000",
                    "min": "1"
                },
                {
                    "id" : "seriesDateFormat",
                    "type" : "text",
                    "label" : "Series Date Format (opt.)",
                    "defaultValue" : ""
                },
                {
                    "id": "sortGridSeries",
                    "type": "selection",
                    "label": "Sort Grid Series",
                    "values": [
                        "",
                        "Ascending",
                        "Descending"
                    ],
                    "defaultValue": "Ascending"
                },
                {
                    "id": "maxGridSeries",
                    "type": "number",
                    "label": "Max Grid Series",
                    "defaultValue": "20",
                    "max": "36",
                    "min": "1"
                },
                {
                    "id" : "gridSeriesDateFormat",
                    "type" : "text",
                    "label" : "Grid Series Date Format (optional)",
                    "defaultValue" : ""
                },
                {
                    "id": "synchXAxis",
                    "type": "selection",
                    "label": "Synch X Axis",
                    "values": [
                        "True",
                        "False"
                    ],
                    "defaultValue": "True"
                },
                {
                    "id": "displayXAxis",
                    "type": "selection",
                    "label": "Display X Axis",
                    "values": [
                        "True",
                        "False"
                    ],
                    "defaultValue": "True"
                },
                {
                    "id": "synchYAxis",
                    "type": "selection",
                    "label": "Synch Y Axis",
                    "values": [
                        "True",
                        "False"
                    ],
                    "defaultValue": "True"
                },
                {
                    "id": "displayYAxis",
                    "type": "selection",
                    "label": "Display Y Axis",
                    "values": [
                        "True",
                        "False"
                    ],
                    "defaultValue": "True"
                },
                {
                    "id": "synchSeries",
                    "type": "selection",
                    "label": "Synch Series",
                    "values": [
                        "True",
                        "False"
                    ],
                    "defaultValue": "True"
                },
                {
                    "id": "bucketSize",
                    "type": "selection",
                    "label": "Time bucket size",
                    "values": [
                        "",
                        "second",
                        "minute",
                        "hour",
                        "day",
                        "week"
                    ],
                    "defaultValue": ""
                }
            ]
        }
    ],
    "data": {
        "structure": {
            "nest": {
                "key": {
                    "id": "${gridSeries}",
                    "sort": {
                        "direction": "${sortGridSeries}",
                        "enabled": "true"
                    }
                },
                "nest": {
                    "key": {
                        "id": "${series}",
                        "sort": {
                            "direction": "${sortSeries}",
                            "enabled": "true"
                        }
                    },
                    "values": {
                        "fields": [
                            {
                                "id": "${x}",
                                "sort": {
                                    "direction": "Ascending",
                                    "enabled": "true"
                                }
                            },
                            {
                                "id": "${y}"
                            }
                        ]
                    },
                    "limit": {
                        "enabled": "true",
                        "size": "${maxSeries}"
                    }
                },
                "limit": {
                    "enabled": "true",
                    "size": "${maxGridSeries}"
                }
            }
        }
    }
}
