<?xml version="1.1" encoding="UTF-8"?>
<script>
   <dependenciesXML>&lt;?xml version="1.1" encoding="UTF-8"?&gt;
	&lt;docs&gt;
        &lt;doc&gt;
&lt;type&gt;Script&lt;/type&gt;
&lt;uuid&gt;61cc6424-9899-4f38-ad77-f4204f9de166&lt;/uuid&gt;
&lt;name&gt;D3&lt;/name&gt;
&lt;/doc&gt;
        &lt;doc&gt;
&lt;type&gt;Script&lt;/type&gt;
&lt;uuid&gt;4f336f7d-5357-4fb3-a42b-88c967588e0a&lt;/uuid&gt;
&lt;name&gt;D3-Tip&lt;/name&gt;
&lt;/doc&gt;
        &lt;doc&gt;
&lt;type&gt;Script&lt;/type&gt;
&lt;uuid&gt;72c19c4d-25d7-4bfd-bd1e-fb0ba6dc86bb&lt;/uuid&gt;
&lt;name&gt;JSHashes&lt;/name&gt;
&lt;/doc&gt;
        &lt;doc&gt;
&lt;type&gt;Script&lt;/type&gt;
&lt;uuid&gt;84c6fa29-3f4b-4ccc-971a-741259566d2b&lt;/uuid&gt;
&lt;name&gt;CSS&lt;/name&gt;
&lt;/doc&gt;
	&lt;/docs&gt;
    </dependenciesXML>
   <description>Git commit: a1e3bba4e658189a7de874fd1c6748624084d7e4
Git commit time: 2016-09-21 17:03:32 +0100</description>
   <name>Common</name>
   <uuid>49a5f46c-f627-49ed-afb9-0066b99e235a</uuid>
</script>
