<?xml version="1.1" encoding="UTF-8"?>
<visualisation>
   <description>Git commit: a1e3bba4e658189a7de874fd1c6748624084d7e4
Git commit time: 2016-09-21 17:03:32 +0100</description>
   <functionName>visualisations.DayWeekHeatMap</functionName>
   <name>DayWeekHeatMap</name>
   <scriptRefXML>&lt;?xml version="1.1" encoding="UTF-8"?&gt;
           &lt;doc&gt;
&lt;type&gt;Script&lt;/type&gt;
&lt;uuid&gt;abb0e349-b61a-4946-9231-86d5a98596c7&lt;/uuid&gt;
&lt;name&gt;DayWeekHeatMap&lt;/name&gt;
&lt;/doc&gt;
    </scriptRefXML>
   <uuid>195fbed2-5a75-456f-bd98-f2dd184b94f9</uuid>
</visualisation>
