<?xml version="1.1" encoding="UTF-8"?>
<script>
   <dependenciesXML>&lt;?xml version="1.1" encoding="UTF-8"?&gt;
	&lt;docs&gt;
        &lt;doc&gt;
&lt;type&gt;Script&lt;/type&gt;
&lt;uuid&gt;49a5f46c-f627-49ed-afb9-0066b99e235a&lt;/uuid&gt;
&lt;name&gt;Common&lt;/name&gt;
&lt;/doc&gt;
        &lt;doc&gt;
&lt;type&gt;Script&lt;/type&gt;
&lt;uuid&gt;61cc6424-9899-4f38-ad77-f4204f9de166&lt;/uuid&gt;
&lt;name&gt;D3&lt;/name&gt;
&lt;/doc&gt;
        &lt;doc&gt;
&lt;type&gt;Script&lt;/type&gt;
&lt;uuid&gt;cac6a6cd-1874-4932-a51c-e16ef9303f0c&lt;/uuid&gt;
&lt;name&gt;D3-Grid&lt;/name&gt;
&lt;/doc&gt;
	&lt;/docs&gt;
    </dependenciesXML>
   <description>Git commit: a1e3bba4e658189a7de874fd1c6748624084d7e4
Git commit time: 2016-09-21 17:03:32 +0100</description>
   <name>GenericGrid</name>
   <uuid>5d4252d6-6f13-4f24-9481-9e98e038747c</uuid>
</script>
