<?xml version="1.1" encoding="UTF-8"?>
<visualisation>
   <description>Git commit: a1e3bba4e658189a7de874fd1c6748624084d7e4
Git commit time: 2016-09-21 17:03:32 +0100</description>
   <functionName>visualisations.HourDayMultiHeatMap</functionName>
   <name>HourDayMultiHeatMap</name>
   <scriptRefXML>&lt;?xml version="1.1" encoding="UTF-8"?&gt;
           &lt;doc&gt;
&lt;type&gt;Script&lt;/type&gt;
&lt;uuid&gt;f51ae8dc-ceda-43e0-813a-b2735c9fad25&lt;/uuid&gt;
&lt;name&gt;HourDayMultiHeatMap&lt;/name&gt;
&lt;/doc&gt;
    </scriptRefXML>
   <uuid>aad53ec0-c33d-4430-b2b2-5a83eccb13e7</uuid>
</visualisation>
