<?xml version="1.1" encoding="UTF-8"?>
<visualisation>
   <description>Git commit: a1e3bba4e658189a7de874fd1c6748624084d7e4
Git commit time: 2016-09-21 17:03:32 +0100</description>
   <functionName>visualisations.HourDaySessionMap</functionName>
   <name>HourDaySessionMap</name>
   <scriptRefXML>&lt;?xml version="1.1" encoding="UTF-8"?&gt;
           &lt;doc&gt;
&lt;type&gt;Script&lt;/type&gt;
&lt;uuid&gt;69305470-0ff8-4797-9f6e-baf52123547f&lt;/uuid&gt;
&lt;name&gt;HourDaySessionMap&lt;/name&gt;
&lt;/doc&gt;
    </scriptRefXML>
   <uuid>63a3a18a-3651-4833-ba82-6a2d6794f5f4</uuid>
</visualisation>
