{
    "tabs" : [ 
        {
            "name" : "Data",
            "controls" : [ 
                {
                    "id" : "eventTime",
                    "type" :  "field",
                    "label" : "Event Time"
                },
                {
                    "id" : "series",
                    "type" :  "field",
                    "label" : "Series"
                }, 
                {
                    "id" : "gridSeries",
                    "type" : "field",
                    "label" : "Grid Series"
                }
            ]
        }, 
        {
            "name" : "Series",
            "controls" : [ 
                {
                    "id" : "thresholdMs",
                    "type" : "text",
                    "label" : "Autoclose Session Threshold MS",
                    "defaultValue" : "600000"
                },
                {
                    "id" : "sortSeries",
                    "type" :  "selection",
                    "label" : "Sort Series",
                    "values" : [ 
                        "", 
                        "Ascending", 
                        "Descending" 
                    ],
                    "defaultValue" : "Ascending"
                },
                {
                    "id": "maxSeries",
                    "type": "number",
                    "label": "Max Series",
                    "defaultValue": "10",
                    "max": "10000",
                    "min": "1"
                },
                {
                    "id": "sortGridSeries",
                    "type": "selection",
                    "label": "Sort Grid Series",
                    "values": [
                        "",
                        "Ascending",
                        "Descending"
                    ],
                    "defaultValue": "Ascending"
                },
                {
                    "id": "maxGridSeries",
                    "type": "number",
                    "label": "Max Grid Series",
                    "defaultValue": "20",
                    "max": "36",
                    "min": "1"
                },
                {
                    "id" : "gridSeriesDateFormat",
                    "type" : "text",
                    "label" : "Grid Series Date Format (optional)",
                    "defaultValue" : ""
                },
                {
                    "id": "synchXAxis",
                    "type": "selection",
                    "label": "Synch X Axis",
                    "values": [
                        "True",
                        "False"
                    ],
                    "defaultValue": "True"
                },
                {
                    "id": "displayXAxis",
                    "type": "selection",
                    "label": "Display X Axis",
                    "values": [
                        "True",
                        "False"
                    ],
                    "defaultValue": "True"
                },
                {
                    "id": "synchYAxis",
                    "type": "selection",
                    "label": "Synch Y Axis",
                    "values": [
                        "True",
                        "False"
                    ],
                    "defaultValue": "True"
                },
                {
                    "id": "displayYAxis",
                    "type": "selection",
                    "label": "Display Y Axis",
                    "values": [
                        "True",
                        "False"
                    ],
                    "defaultValue": "True"
                },
                {
                    "id": "synchSeries",
                    "type": "selection",
                    "label": "Synch Series",
                    "values": [
                        "True",
                        "False"
                    ],
                    "defaultValue": "True"
                }
            ]
        } 
    ],
    "data" : {
        "structure" : {
            "nest" : {
                "key" : {
                    "id" : "${gridSeries}",
                    "sort" : {
                        "enabled" : "true",
                        "direction" : "${sortGridSeries}"
                    }
                },
                "nest" : {
                    "key" : {
                        "id" : "${series}",
                        "sort" : {
                            "enabled" : "true",
                            "direction" : "${sortSeries}"
                        }
                    },
                    "values" : {
                        "fields" : [ 
                            {
                                "id" : "${eventTime}",
                                "sort" : {
                                    "enabled" : "true",
                                    "direction" : "Ascending"
                                }
                            } 
                        ]
                    },
                    "limit" : {
                        "enabled" : "true",
                        "size" : "${maxSeries}"
                    }
                },
                "limit" : {
                    "enabled" : "true",
                    "size" : "${maxGridSeries}"
                }
            }
        }
    }
}
