<?xml version="1.1" encoding="UTF-8"?>
<script>
   <dependenciesXML>&lt;?xml version="1.1" encoding="UTF-8"?&gt;
	&lt;docs&gt;
        &lt;doc&gt;
&lt;type&gt;Script&lt;/type&gt;
&lt;uuid&gt;49a5f46c-f627-49ed-afb9-0066b99e235a&lt;/uuid&gt;
&lt;name&gt;Common&lt;/name&gt;
&lt;/doc&gt;
        &lt;doc&gt;
&lt;type&gt;Script&lt;/type&gt;
&lt;uuid&gt;5d4252d6-6f13-4f24-9481-9e98e038747c&lt;/uuid&gt;
&lt;name&gt;GenericGrid&lt;/name&gt;
&lt;/doc&gt;
	&lt;/docs&gt;
    </dependenciesXML>
   <description>Git commit: 54ee8ab06163f37c179b38616a4b1e3a6cf473ae
Git commit time: 2016-09-21 17:10:16 +0100</description>
   <name>LineChart</name>
   <uuid>788b5981-7199-4f7e-a9db-33594f910134</uuid>
</script>
