<?xml version="1.1" encoding="UTF-8"?>
<visualisation>
   <description>Git commit: a1e3bba4e658189a7de874fd1c6748624084d7e4
Git commit time: 2016-09-21 17:03:32 +0100</description>
   <functionName>visualisations.LineChart</functionName>
   <name>LineChart</name>
   <scriptRefXML>&lt;?xml version="1.1" encoding="UTF-8"?&gt;
           &lt;doc&gt;
&lt;type&gt;Script&lt;/type&gt;
&lt;uuid&gt;788b5981-7199-4f7e-a9db-33594f910134&lt;/uuid&gt;
&lt;name&gt;LineChart&lt;/name&gt;
&lt;/doc&gt;
    </scriptRefXML>
   <uuid>567f4ba6-c420-4068-86a6-cc854165926b</uuid>
</visualisation>
