<?xml version="1.1" encoding="UTF-8"?>
<visualisation>
   <description>Git commit: a1e3bba4e658189a7de874fd1c6748624084d7e4
Git commit time: 2016-09-21 17:03:32 +0100</description>
   <functionName>visualisations.RAGStatus</functionName>
   <name>RAGStatus</name>
   <scriptRefXML>&lt;?xml version="1.1" encoding="UTF-8"?&gt;
           &lt;doc&gt;
&lt;type&gt;Script&lt;/type&gt;
&lt;uuid&gt;9bc156e3-2655-4fb3-a809-16fbaeda3022&lt;/uuid&gt;
&lt;name&gt;RAGStatus&lt;/name&gt;
&lt;/doc&gt;
    </scriptRefXML>
   <uuid>1666949a-2b32-4a95-a25f-64916b4ace56</uuid>
</visualisation>
