{
    "tabs" : [ 
        {
            "name" : "Data",
            "controls" : [ 
                {
                    "id" : "field",
                    "type" : "field",
                    "label" : "Value"
                },
                {
                    "id" : "gridSeries",
                    "type" : "field",
                    "label" : "Grid Series"
                }
            ]
        }, 
        {
            "name" : "RAG Status",
            "controls" : [
                {
                    "id" : "showLabels",
                    "type" : "boolean",
                    "label" : "Show Value",
                    "defaultValue" : "true"
                } ,
                {
                    "id" : "RedHi",
                    "type" : "number",
                    "label" : "Red Upper Bound (excl.)",
                    "defaultValue" : "10000",
                    "min" : "-10000000",
                    "max" : "10000000"
                } ,
                {
                    "id" : "RedLo",
                    "type" : "number",
                    "label" : "Red Lower Bound (incl.)",
                    "defaultValue" : "5000",
                    "min" : "-10000000",
                    "max" : "10000000"
                } ,
                {
                    "id" : "AmberHi",
                    "type" : "number",
                    "label" : "Amber Upper Bound (excl.)",
                    "defaultValue" : "4999",
                    "min" : "-10000000",
                    "max" : "10000000"
                } ,
                {
                    "id" : "AmberLo",
                    "type" : "number",
                    "label" : "Amber Lower Bound (incl.)",
                    "defaultValue" : "2000",
                    "min" : "-10000000",
                    "max" : "10000000"
                } ,
                {
                    "id" : "GreenHi",
                    "type" : "number",
                    "label" : "Green Upper Bound (excl.)",
                    "defaultValue" : "1999",
                    "min" : "-10000000",
                    "max" : "10000000"
                } ,
                {
                    "id" : "GreenLo",
                    "type" : "number",
                    "label" : "Green Lower Bound (incl.)",
                    "defaultValue" : "0",
                    "min" : "-10000000",
                    "max" : "10000000"
                },
                {
                    "id" : "displayGreens",
                    "type" : "boolean",
                    "label" : "Display Green cells",
                    "defaultValue" : true
                },
                {
                    "id": "maxGridSeries",
                    "type": "number",
                    "label": "Max Grid Series",
                    "defaultValue": "64",
                    "min": "1",
                    "max": "128"
                }
            ]
        } 
    ],
    "data" : {
        "structure" : {
            "nest": {
                "key": {
                    "id": "${gridSeries}",
                    "sort": {
                        "direction": "${sortGridSeries}",
                        "enabled": "true"
                    }
                },
                "values" : {
                    "fields" : [ 
                        {
                            "id" : "${field}",
                            "sort": {
                                "direction": "Ascending",
                                "enabled": "true"
                            }
                        } 
                    ]
                }
                ,
                "limit": {
                    "enabled": "true",
                    "size": "${maxGridSeries}"
                }
            }
        }
    }
}
