<?xml version="1.1" encoding="UTF-8"?>
<visualisation>
   <description>Git commit: a1e3bba4e658189a7de874fd1c6748624084d7e4
Git commit time: 2016-09-21 17:03:32 +0100</description>
   <functionName>visualisations.Scatter</functionName>
   <name>Scatter</name>
   <scriptRefXML>&lt;?xml version="1.1" encoding="UTF-8"?&gt;
           &lt;doc&gt;
&lt;type&gt;Script&lt;/type&gt;
&lt;uuid&gt;80aac919-980e-43e8-83a1-83eed536ae51&lt;/uuid&gt;
&lt;name&gt;Scatter&lt;/name&gt;
&lt;/doc&gt;
    </scriptRefXML>
   <uuid>8b5e5f4f-c1a8-474f-9ff2-88bdb0f9a0a5</uuid>
</visualisation>
