<?xml version="1.1" encoding="UTF-8"?>
<visualisation>
   <description>Git commit: a1e3bba4e658189a7de874fd1c6748624084d7e4
Git commit time: 2016-09-21 17:03:32 +0100</description>
   <functionName>visualisations.SeriesSessionMap</functionName>
   <name>SeriesSessionMap</name>
   <scriptRefXML>&lt;?xml version="1.1" encoding="UTF-8"?&gt;
           &lt;doc&gt;
&lt;type&gt;Script&lt;/type&gt;
&lt;uuid&gt;3296b381-f383-496f-8f54-9d42a0fd5bf1&lt;/uuid&gt;
&lt;name&gt;SeriesSessionMap&lt;/name&gt;
&lt;/doc&gt;
    </scriptRefXML>
   <uuid>b7d942e9-19b2-406d-a5ae-48324c635d4f</uuid>
</visualisation>
