{
    "tabs": [
        {
            "name": "Data",
            "controls": [
                {
                    "id": "x",
                    "type": "field",
                    "label": "X Axis"
                },
                {
                    "id": "y",
                    "type": "field",
                    "label": "Y Axis"
                },
                {
                    "id": "lineSeries",
                    "type": "field",
                    "label": "Line Series"
                },
                {
                    "id": "gridSeries",
                    "type": "field",
                    "label": "Grid Series"
                }
            ]
        },
        {
            "name": "Area",
            "controls": [
                {
                    "id": "interpolate",
                    "type": "selection",
                    "label": "Interpolation Mode",
                    "values": [
                        "linear",
                        "linear-closed",
                        "step",
                        "step-before",
                        "step-after",
                        "basis",
                        "basis-open",
                        "basis-closed",
                        "bundle",
                        "cardinal",
                        "cardinal-open",
                        "cardinal-closed",
                        "monotone"
                    ],
                    "defaultValue": "basis-open"
                },
                {
                    "id": "sortLineSeries",
                    "type": "selection",
                    "label": "Sort Line Series",
                    "values": [
                        "",
                        "Ascending",
                        "Descending"
                    ],
                    "defaultValue": "Ascending"
                },
                {
                    "id": "maxLineSeries",
                    "type": "number",
                    "label": "Max Line Series",
                    "defaultValue": "100",
                    "max": "10000",
                    "min": "1"
                },
                {
                    "id" : "seriesDateFormat",
                    "type" : "text",
                    "label" : "Series Date Format (opt.)",
                    "defaultValue" : ""
                },
                {
                    "id": "sortGridSeries",
                    "type": "selection",
                    "label": "Sort Grid Series",
                    "values": [
                        "",
                        "Ascending",
                        "Descending"
                    ],
                    "defaultValue": "Ascending"
                },
                {
                    "id": "maxGridSeries",
                    "type": "number",
                    "label": "Max Grid Series",
                    "defaultValue": "20",
                    "max": "36",
                    "min": "1"
                },
                {
                    "id" : "gridSeriesDateFormat",
                    "type" : "text",
                    "label" : "Grid Series Date Format (optional)",
                    "defaultValue" : ""
                },
                {
                    "id": "synchXAxis",
                    "type": "selection",
                    "label": "Synch X Axis",
                    "values": [
                        "True",
                        "False"
                    ],
                    "defaultValue": "True"
                },
                {
                    "id": "displayXAxis",
                    "type": "selection",
                    "label": "Display X Axis",
                    "values": [
                        "True",
                        "False"
                    ],
                    "defaultValue": "True"
                },
                {
                    "id": "synchYAxis",
                    "type": "selection",
                    "label": "Synch Y Axis",
                    "values": [
                        "True",
                        "False"
                    ],
                    "defaultValue": "True"
                },
                {
                    "id": "displayYAxis",
                    "type": "selection",
                    "label": "Display Y Axis",
                    "values": [
                        "True",
                        "False"
                    ],
                    "defaultValue": "True"
                },
                {
                    "id": "synchSeries",
                    "type": "selection",
                    "label": "Synch Series",
                    "values": [
                        "True",
                        "False"
                    ],
                    "defaultValue": "True"
                }
            ]
        }
    ],
    "data": {
        "structure": {
            "nest": {
                "key": {
                    "id": "${gridSeries}",
                    "sort": {
                        "direction": "${sortGridSeries}",
                        "enabled": "true"
                    }
                },
                "nest": {
                    "key": {
                        "id": "${lineSeries}",
                        "sort": {
                            "enabled": "true",
                            "direction": "${sortlineSeries}"
                        }
                    },
                    "values": {
                        "fields": [
                            {
                                "id": "${x}",
                                "sort": {
                                    "enabled": "true",
                                    "direction": "Ascending"
                                }
                            },
                            {
                                "id": "${y}"
                            }
                        ]
                    },
                    "limit": {
                        "enabled": "true",
                        "size": "${maxLineSeries}"
                    }
                },
                "limit": {
                    "enabled": "true",
                    "size": "${maxGridSeries}"
                }
            }
        }
    }
}
