<?xml version="1.1" encoding="UTF-8"?>
<visualisation>
   <description>Git commit: a1e3bba4e658189a7de874fd1c6748624084d7e4
Git commit time: 2016-09-21 17:03:32 +0100</description>
   <functionName>visualisations.TextValue</functionName>
   <name>TextValue</name>
   <scriptRefXML>&lt;?xml version="1.1" encoding="UTF-8"?&gt;
           &lt;doc&gt;
&lt;type&gt;Script&lt;/type&gt;
&lt;uuid&gt;a2765cd2-8081-4230-8c16-05127a3a102d&lt;/uuid&gt;
&lt;name&gt;TextValue&lt;/name&gt;
&lt;/doc&gt;
    </scriptRefXML>
   <uuid>7e484d5d-29af-4776-b1c2-4cdad2d9ea1b</uuid>
</visualisation>
