<?xml version="1.1" encoding="UTF-8"?>
<pipeline>
   <elements>
      <add>
         <element>
            <id>xmlWriter</id>
            <type>XMLWriter</type>
         </element>
      </add>
      <remove>
         <element>
            <id>searchResultOutputFilter</id>
            <type>SearchResultOutputFilter</type>
         </element>
      </remove>
   </elements>
   <properties>
      <add>
         <property>
            <element>xsltFilter</element>
            <name>xslt</name>
            <value>
               <entity>
                  <type>XSLT</type>
                  <uuid>d3d451df-fd7e-4205-913a-65146d1d63c9</uuid>
                  <name>Example display</name>
               </entity>
            </value>
         </property>
      </add>
   </properties>
   <links>
      <add>
         <link>
            <from>xsltFilter</from>
            <to>xmlWriter</to>
         </link>
      </add>
      <remove>
         <link>
            <from>xsltFilter</from>
            <to>searchResultOutputFilter</to>
         </link>
      </remove>
   </links>
</pipeline>